{"name":"sbt","version":"1.9.7","bspVersion":"2.1.0-M1","languages":["scala"],"argv":["/Users/kirinalexander/Library/Java/JavaVirtualMachines/openjdk-18.0.2.1/Contents/Home/bin/java","-Xms100m","-Xmx100m","-classpath","/Users/kirinalexander/Library/Application Support/JetBrains/IntelliJIdea2022.2/plugins/Scala/launcher/sbt-launch.jar","xsbt.boot.Boot","-bsp","--sbt-launch-jar=/Users/kirinalexander/Library/Application%20Support/JetBrains/IntelliJIdea2022.2/plugins/Scala/launcher/sbt-launch.jar"]}